attempt,final_distance_m
1,0.11236709011673401
2,0.135262033472008
3,0.12205485966807811
4,0.13807953211646198
5,0.0661462773002875
