attempt,final_distance_m
1,0.12179032555846034
2,0.12875679957947744
3,0.11797137001065744
4,0.12854148430337392
