attempt,final_distance_m
1,0.16615944019107637
2,0.11014267113105955
3,0.15230944566205223
4,0.10926643314342126
5,0.11184879003745445
6,0.06367036178961576
