attempt,final_distance_m
1,0.5859453406155027
2,0.039862433603694986
