attempt,final_distance_m
1,0.10748114148685713
2,0.01898613106107723
