attempt,final_distance_m
1,0.13936608570884287
2,0.12437710780043253
3,0.124513175467169
4,0.11891344846340555
5,0.06287754829195354
