attempt,final_distance_m
1,0.5206858316382463
2,0.07491406434687173
