attempt,final_distance_m
1,0.3277991162605717
2,0.08079212263977514
