attempt,final_distance_m
1,0.1268148168500105
2,0.14069414278869663
3,0.1779038135016093
4,0.18315043051897373
5,0.17909636551097388
6,0.16799032147768472
7,0.1684058320004606
8,0.1511076774716395
9,0.15561022099693037
10,0.12878013643744413
