attempt,final_distance_m
1,0.09972173693249706
2,0.148341879092031
3,0.11598829429625333
4,0.13453225158673338
5,0.06872332961058344
