attempt,final_distance_m
1,0.11898770676668259
2,0.13880595414922842
3,0.1308107942732835
4,0.1296841544382219
5,0.10710840460033617
6,0.06881411142980363
