attempt,final_distance_m
1,0.11522372357434374
2,0.1576344912166752
3,0.15727508239996188
4,0.1525345285906821
5,0.1499895008439713
6,0.14949748130465146
7,0.1565633676934
8,0.14977440334230227
9,0.13385675445304976
10,0.12331859953237077
