attempt,final_distance_m
1,0.10510659553254911
2,0.07414262915071546
