attempt,final_distance_m
1,0.502867147571264
2,0.4005875760950271
