attempt,final_distance_m
1,0.10809053339021957
2,0.14408091962687097
3,0.09634965859850102
