attempt,final_distance_m
1,0.06760883346742658
2,0.14931570894641336
3,0.12475550370715058
4,0.11963898491230178
5,0.05997340538132471
