attempt,final_distance_m
1,0.10518616400661776
2,0.13624518291519755
3,0.13095221687388103
4,0.11402758850660712
5,0.13634970165458757
6,0.19439859846348212
7,0.14917505688242147
8,0.15183298709568355
9,0.1394664304523367
10,0.17396621470320264
