attempt,final_distance_m
1,0.11902911586701122
2,0.1447698195250168
3,0.12780648869059216
4,0.1350418884338295
5,0.06727840948709697
