attempt,final_distance_m
1,0.21665004794037337
2,0.19493723654512582
3,0.0736272075826585
