attempt,final_distance_m
1,0.10719351064689167
2,0.1361674522573866
3,0.11996743661735833
4,0.12968983877174933
5,0.06942142692903402
