attempt,final_distance_m
1,0.12937754361300843
2,0.06486123500948605
