attempt,final_distance_m
1,0.13597225523040124
2,0.125342852556798
3,0.12482273729910791
4,0.07844546460167891
