attempt,final_distance_m
1,0.14014258204402988
2,0.11587773749823567
3,0.13116251931701037
4,0.11564074455670177
5,0.06914194778377067
