attempt,final_distance_m
1,0.1304312136634144
2,0.13552852007609872
3,0.12231120175598074
4,0.11760170140562289
5,0.09807363511296252
6,0.08274724931609374
