attempt,final_distance_m
1,0.12217516819563957
2,0.13185405215913923
3,0.12567970419462818
4,0.1329225759749049
