attempt,final_distance_m
1,0.2901372900183515
2,0.037696645291535456
