attempt,final_distance_m
1,0.31221658615290904
2,0.1253506335300943
3,0.12492578278599246
4,0.14008607605073645
5,0.03418977784471748
6,0.20322012694355251
7,0.04357548344783567
8,0.15123433218581234
9,0.06661714449599448
