attempt,final_distance_m
1,0.13139519342547112
2,0.12296798330495669
3,0.12615086634478853
4,0.1255151541556613
5,0.06296748083862032
