attempt,final_distance_m
1,0.1252643980853458
2,0.13039467411704694
3,0.12240480192558705
4,0.13060022995604875
