attempt,final_distance_m
1,0.1092468536391257
2,0.12958987616315487
3,0.11937608255997838
4,0.16780543639471507
5,0.0969531293726214
