attempt,final_distance_m
1,0.11464857633430656
2,0.1316946187137191
3,0.12136664574746536
4,0.13579458177574258
