attempt,final_distance_m
1,0.11782590736444604
2,0.13487783005205753
3,0.12032587403700057
4,0.1302955723737578
