attempt,final_distance_m
1,0.1317183448711408
2,0.13219207587884715
3,0.1233583921269252
4,0.12425279461816834
5,0.11851750178556765
6,0.0963270176887101
