attempt,final_distance_m
1,0.1226222333022513
2,0.09588263305060413
