attempt,final_distance_m
1,0.12899400773547826
2,0.10219218010102234
3,0.045767149693625137
