attempt,final_distance_m
1,0.13913059154447785
2,0.11480159904683064
3,0.12816939950566517
4,0.07814544483616001
