attempt,final_distance_m
1,0.11040684402735663
2,0.13364099412852826
3,0.12102730321665085
4,0.12977967743503704
