attempt,final_distance_m
1,0.12209636439718667
2,0.13421040304252704
3,0.12140799447842773
4,0.124223918577461
5,0.0674253380685823
