attempt,final_distance_m
1,0.10119423141475506
2,0.1471592278761833
3,0.11721400522180826
4,0.1342397830663545
