attempt,final_distance_m
1,0.12163490239005491
2,0.13008894565038992
3,0.11822204328540199
4,0.13123074930112114
5,0.07546547147345055
