attempt,final_distance_m
1,0.12549834963143622
2,0.1251810991738595
3,0.12744213252651124
4,0.11699990153659423
5,0.06097725817740847
