attempt,final_distance_m
1,0.09459962451149513
2,0.15721310088247845
3,0.11530168173455603
4,0.1390586457694741
5,0.06496650368579629
