attempt,final_distance_m
1,0.049713888887314865
2,0.1143533024875927
3,0.1849873738974663
4,0.11323546569830234
5,0.08619336268544
6,0.08758137636469857
