attempt,final_distance_m
1,0.12089311725912337
2,0.12755872329704027
3,0.11989995949351222
4,0.07725384884328709
