attempt,final_distance_m
1,0.12959774210206912
2,0.12844410602395764
3,0.12909164544470547
4,0.12278831993329076
5,0.060765972230793254
