attempt,final_distance_m
1,0.11593817592312121
2,0.10769737188026357
3,0.051738372816957534
