attempt,final_distance_m
1,0.13964472592883728
2,0.12231593959782747
3,0.1269741635193824
4,0.1257535196512768
5,0.06282364427896941
