attempt,final_distance_m
1,0.11140012042826825
2,0.14005676233920342
3,0.12004209232105245
4,0.13037146101802918
5,0.06911531554079867
