attempt,final_distance_m
1,0.11746005767598383
2,0.13152960020279458
3,0.11813092849534147
4,0.1308550500133551
