attempt,final_distance_m
1,0.11212523039211406
2,0.1338348182366731
3,0.11611044445991167
4,0.13071289183022305
5,0.06849577826371628
