attempt,final_distance_m
1,0.20868196435125472
2,0.3573375194733909
3,0.3757973175104382
