attempt,final_distance_m
1,0.1392132609188566
2,0.11584624421595394
3,0.1309350501964429
4,0.11586660025049815
5,0.0692024079767125
