attempt,final_distance_m
1,0.11945510872738056
2,0.1419597866108115
3,0.12989008302895053
4,0.1307083773762414
5,0.06883781702202786
