attempt,final_distance_m
1,0.1286648983233426
2,0.1329875684849176
3,0.11499216558509275
4,0.08523500156726839
5,0.07130453078167769
