attempt,final_distance_m
1,0.04037908026824497
2,0.17023870266539734
3,0.17064327174032493
4,0.13200453365181705
5,0.12345582766703361
6,0.13456127924721492
7,0.12885971353259007
8,0.11454147157874206
9,0.11745596384246709
