attempt,final_distance_m
1,0.13200596433067588
2,0.13029883052179914
3,0.12298444005315609
4,0.11965555956981119
5,0.062050250895384435
