attempt,final_distance_m
1,0.4464189374976339
2,0.4736397245478663
3,0.4188152547083066
4,0.4489091265665281
