attempt,final_distance_m
1,0.1222016904666126
2,0.13268588818342741
3,0.06841338743528672
