attempt,final_distance_m
1,0.2369989090028731
2,0.09468856925168595
