attempt,final_distance_m
1,0.3934432305308646
2,0.1055585743149799
