attempt,final_distance_m
1,0.13599032720358534
2,0.129803235218016
3,0.1326220930171779
4,0.1273795514004627
