attempt,final_distance_m
1,0.17854175997647317
2,0.0817190563431931
