attempt,final_distance_m
1,0.09386366802242543
2,0.1535419838075082
3,0.11573018401219462
4,0.13268613925069964
