attempt,final_distance_m
1,0.1214409728083581
2,0.14248489448768453
3,0.12961955695618363
4,0.1360628164425406
5,0.0664517805238434
