attempt,final_distance_m
1,0.13739846449062976
2,0.1317010559677477
3,0.11705216594959997
4,0.08856252869392162
