attempt,final_distance_m
1,0.11536862343062841
2,0.13499376654397238
3,0.1179799699845971
4,0.1337175967827769
