attempt,final_distance_m
1,0.12396812682790849
2,0.1329003593755872
3,0.1222345759311244
4,0.12971929450959627
