attempt,final_distance_m
1,0.1041681727944876
2,0.13646031123169614
3,0.11585003864827505
4,0.08657697149420765
