attempt,final_distance_m
1,0.4370773114982994
2,0.47179979057379134
