attempt,final_distance_m
1,0.11225850496553245
2,0.13553337920010491
3,0.12030080542564486
4,0.13082910026403377
