attempt,final_distance_m
1,0.10943840512645224
2,0.060146483367849446
